{"cameraMode":{"drawMode":0,"name":"Shaded","section":"Shading Mode"},"sceneLighting":false,"audioPlay":false,"sceneViewState":{"showFog":true,"showMaterialUpdate":false,"showSkybox":false,"showFlares":true,"showImageEffects":true,"showParticleSystems":true,"showVisualEffectGraphs":true,"m_FxEnabled":true},"in2DMode":false,"pivot":{"x":-0.046000003814697269,"y":0.010109107941389084,"z":-2.7815678119659426},"rotation":{"x":-0.38738375902175906,"y":0.07923413813114166,"z":-0.03343256190419197,"w":-0.9180115461349487},"size":2.1684482097625734,"orthographic":false}